<?xml version="1.0" encoding="utf-8"?><feed xmlns="http://www.w3.org/2005/Atom" ><generator uri="https://jekyllrb.com/" version="3.7.4">Jekyll</generator><link href="http://localhost:4000/feed.xml" rel="self" type="application/atom+xml" /><link href="http://localhost:4000/" rel="alternate" type="text/html" /><updated>2018-12-21T12:01:49-06:00</updated><id>http://localhost:4000/feed.xml</id><title type="html">SQLI</title><subtitle>A testing framework for SQL Injection attacks.</subtitle><author><name>Samson Wood</name></author></feed>