
<assembly xmlns="http://maven.apache.org/plugins/maven-assembly-plugin/assembly/1.1.2"
          xmlns:xsi="http://www.w3.org/2001/XMLSchema-instance"
          xsi:schemaLocation="http://maven.apache.org/plugins/maven-assembly-plugin/assembly/1.1.2 http://maven.apache.org/xsd/assembly-1.1.2.xsd">
    <id>jar</id>
    <includeBaseDirectory>true</includeBaseDirectory>

    <formats>
        <format>jar</format>
    </formats>
    <fileSets>
        <fileSet>
            <directory>src/main/generated-sources/</directory>
            <useDefaultExcludes>true</useDefaultExcludes>
        </fileSet>

    </fileSets>
    <dependencySets>
        <dependencySet>
            <outputDirectory>.</outputDirectory>
        </dependencySet>
        <dependencySet>
            <outputDirectory>target</outputDirectory>
        </dependencySet>
    </dependencySets>
</assembly>
